epoch,loss,val_loss
0,0.6990530490875244,0.36019906401634216
1,0.3007378578186035,0.27672526240348816
2,0.25602108240127563,0.23669587075710297
3,0.23851288855075836,0.27394503355026245
4,0.22644150257110596,0.217668354511261
5,0.22073355317115784,0.21189676225185394
6,0.2171660214662552,0.2111368030309677
7,0.21404415369033813,0.20813296735286713
8,0.21272063255310059,0.20840014517307281
9,0.21095886826515198,0.20646391808986664
