epoch,loss,val_loss
0,0.6176812052726746,0.22125375270843506
1,0.1808721274137497,0.1520249843597412
2,0.14910151064395905,0.14087827503681183
3,0.13604867458343506,0.12587453424930573
4,0.12497387081384659,0.11793339252471924
5,0.11955785006284714,0.11075527966022491
6,0.11577874422073364,0.11627621948719025
7,0.11320792883634567,0.10867135971784592
8,0.11167433857917786,0.10951884090900421
9,0.11021004617214203,0.10935588926076889
