epoch,loss,val_loss
0,0.6226739287376404,0.22574487328529358
1,0.1890038102865219,0.16169199347496033
2,0.15748605132102966,0.14445139467716217
3,0.14464543759822845,0.13248741626739502
4,0.13640327751636505,0.13690662384033203
5,0.1339273601770401,0.1305321455001831
6,0.1312984824180603,0.12773875892162323
7,0.13052448630332947,0.13675163686275482
8,0.12950043380260468,0.1294112205505371
