epoch,loss,val_loss
0,0.6142983436584473,0.2155887931585312
1,0.18788030743598938,0.1662120372056961
2,0.1547805219888687,0.14396700263023376
3,0.13994061946868896,0.1314307600259781
4,0.13405944406986237,0.13035592436790466
5,0.13254807889461517,0.12551794946193695
6,0.12977655231952667,0.12453652173280716
7,0.12807506322860718,0.1253044754266739
8,0.12832629680633545,0.1288944035768509
9,0.1271132379770279,0.12534019351005554
