epoch,loss,val_loss
0,2.0915887355804443,1.8832542896270752
1,1.4730613231658936,1.2001091241836548
2,0.9456452131271362,0.6831798553466797
3,0.6075242161750793,0.39278021454811096
4,0.3451237678527832,0.44913560152053833
5,0.25180259346961975,0.19623227417469025
6,0.22116447985172272,0.1861332803964615
7,0.21619059145450592,0.17773640155792236
8,0.2017814964056015,0.18163897097110748
9,0.19107934832572937,0.17817500233650208
